annotation_id,image_id,file_name,image_width,image_height,category_id,category_label,bbox_X,bbox_Y,bbox_width,bbox_height
0,1,00001.jpg,1280,720,1,Bad color,246,423,337,209
1,2,00005.jpg,1280,720,3,Absorption,566,351,67,73
2,3,00006.jpg,1280,720,2,Anthrax,957,200,131,136
3,4,00008.jpg,1280,720,1,Bad color,560,49,483,493
4,5,00009.jpg,1280,720,1,Bad color,595,454,142,97
5,6,00011.jpg,1280,720,2,Anthrax,331,527,39,24
6,7,00012.jpg,1280,720,3,Absorption,529,160,185,138
7,8,00016.jpg,1280,720,1,Bad color,577,241,178,184
8,9,00017.jpg,1280,720,2,Anthrax,545,259,45,47
9,10,00018.jpg,1344,1008,2,Anthrax,405,362,50,56
10,10,00018.jpg,1344,1008,2,Anthrax,819,187,66,58
11,10,00018.jpg,1344,1008,2,Anthrax,674,675,54,66
12,10,00018.jpg,1344,1008,2,Anthrax,424,620,58,58
13,10,00018.jpg,1344,1008,2,Anthrax,315,258,40,48
14,11,00019.jpg,1536,1152,2,Anthrax,614,320,253,245
15,12,00020.jpg,1280,720,1,Bad color,252,245,215,339
16,13,00021.jpg,1280,720,1,Bad color,414,381,96,143
17,14,00023.jpg,1280,720,1,Bad color,438,91,278,577
18,14,00023.jpg,1280,720,3,Absorption,127,371,490,307
19,15,00025.jpg,1152,1536,1,Bad color,84,1018,918,518
20,15,00025.jpg,1152,1536,1,Bad color,84,447,503,569
21,15,00025.jpg,1152,1536,2,Anthrax,637,933,255,187
22,15,00025.jpg,1152,1536,2,Anthrax,268,669,100,116
23,15,00025.jpg,1152,1536,2,Anthrax,357,577,130,121
24,15,00025.jpg,1152,1536,2,Anthrax,465,503,79,48
25,16,00028.jpg,1152,1536,2,Anthrax,812,467,47,61
26,16,00028.jpg,1152,1536,2,Anthrax,718,736,61,64
27,17,00029.jpg,1280,720,1,Bad color,3,9,643,526
28,18,00032.jpg,1280,720,2,Anthrax,287,338,94,78
29,18,00032.jpg,1280,720,2,Anthrax,518,289,32,38
30,19,00033.jpg,1344,1008,2,Anthrax,465,254,347,236
31,19,00033.jpg,1344,1008,2,Anthrax,860,303,52,47
32,19,00033.jpg,1344,1008,2,Anthrax,753,506,41,33
33,19,00033.jpg,1344,1008,2,Anthrax,818,456,34,24
34,19,00033.jpg,1344,1008,2,Anthrax,704,672,32,22
35,19,00033.jpg,1344,1008,2,Anthrax,868,664,34,38
36,19,00033.jpg,1344,1008,2,Anthrax,548,744,38,26
37,19,00033.jpg,1344,1008,2,Anthrax,532,596,32,29
38,19,00033.jpg,1344,1008,2,Anthrax,559,630,24,27
39,20,00036.jpg,1280,720,1,Bad color,447,396,188,89
40,21,00038.jpg,1280,720,2,Anthrax,896,393,37,27
41,21,00038.jpg,1280,720,2,Anthrax,872,363,46,29
42,22,00041.jpg,1344,1008,2,Anthrax,626,564,44,33
43,22,00041.jpg,1344,1008,2,Anthrax,504,333,59,49
44,22,00041.jpg,1344,1008,2,Anthrax,920,371,48,33
45,22,00041.jpg,1344,1008,3,Absorption,765,594,201,53
46,23,00044.jpg,1280,720,2,Anthrax,668,103,24,31
47,23,00044.jpg,1280,720,2,Anthrax,703,103,21,25
48,24,00045.jpg,1280,720,2,Anthrax,674,176,38,83
49,25,00046.jpg,1280,720,5,Black spot,1015,256,59,94
50,25,00046.jpg,1280,720,1,Bad color,775,87,324,425
51,26,00050.jpg,1280,720,1,Bad color,482,274,265,210
52,27,00051.jpg,1280,720,1,Bad color,208,177,331,276
53,28,00052.jpg,1152,1536,2,Anthrax,278,397,364,541
54,28,00052.jpg,1152,1536,2,Anthrax,261,948,108,122
55,29,00054.jpg,1280,720,1,Bad color,181,79,737,461
56,30,00056.jpg,1280,720,2,Anthrax,554,455,89,71
57,31,00059.jpg,1280,720,1,Bad color,150,293,304,211
58,32,00062.jpg,1280,720,1,Bad color,245,326,225,164
59,33,00063.jpg,1280,720,2,Anthrax,566,335,71,49
60,33,00063.jpg,1280,720,1,Bad color,476,166,277,150
61,34,00064.jpg,1280,720,1,Bad color,550,255,329,358
62,35,00068.jpg,1152,1536,2,Anthrax,823,979,47,72
63,35,00068.jpg,1152,1536,2,Anthrax,708,680,68,68
64,35,00068.jpg,1152,1536,2,Anthrax,468,788,47,68
65,36,00069.jpg,1280,720,1,Bad color,143,257,254,210
66,37,00072.jpg,1280,720,1,Bad color,304,437,162,141
67,38,00075.jpg,1280,720,2,Anthrax,627,107,52,27
68,39,00076.jpg,1088,816,2,Anthrax,576,493,29,37
69,40,00077.jpg,1344,1008,2,Anthrax,919,604,29,33
70,41,00080.jpg,1280,720,1,Bad color,731,215,143,217
71,42,00081.jpg,1280,720,2,Anthrax,575,296,125,57
72,43,00082.jpg,1152,1536,2,Anthrax,900,668,39,83
73,43,00082.jpg,1152,1536,2,Anthrax,636,871,55,99
74,43,00082.jpg,1152,1536,2,Anthrax,458,590,49,56
75,44,00086.jpg,1280,720,1,Bad color,643,221,219,179
76,45,00087.jpg,1280,720,2,Anthrax,564,379,49,26
77,45,00087.jpg,1280,720,2,Anthrax,509,518,92,49
78,46,00090.jpg,1152,1536,2,Anthrax,735,607,51,57
79,46,00090.jpg,1152,1536,2,Anthrax,480,596,38,47
80,47,00091.jpg,1280,720,1,Bad color,556,322,215,194
81,48,00092.jpg,1280,720,2,Anthrax,284,298,72,57
82,49,00096.jpg,1344,1008,2,Anthrax,718,754,108,51
83,49,00096.jpg,1344,1008,2,Anthrax,445,766,257,98
84,49,00096.jpg,1344,1008,5,Black spot,465,346,372,132
85,49,00096.jpg,1344,1008,2,Anthrax,314,331,110,81
86,49,00096.jpg,1344,1008,2,Anthrax,500,186,119,36
87,49,00096.jpg,1344,1008,2,Anthrax,579,254,75,57
88,49,00096.jpg,1344,1008,2,Anthrax,375,271,35,25
89,49,00096.jpg,1344,1008,2,Anthrax,439,267,32,38
90,49,00096.jpg,1344,1008,2,Anthrax,479,244,92,60
91,50,00098.jpg,1280,720,1,Bad color,0,427,370,151
92,51,00099.jpg,1280,720,1,Bad color,529,318,142,85
93,52,00100.jpg,1280,720,2,Anthrax,556,474,40,36
94,52,00100.jpg,1280,720,2,Anthrax,607,495,27,30
95,53,00101.jpg,1280,720,1,Bad color,370,64,230,501
96,54,00102.jpg,1280,720,1,Bad color,524,316,124,101
97,55,00103.jpg,1088,816,2,Anthrax,458,298,349,367
98,56,00104.jpg,1280,720,3,Absorption,531,415,133,107
99,57,00105.jpg,1280,720,1,Bad color,221,438,321,145
100,58,00106.jpg,1280,720,1,Bad color,805,220,123,223
101,59,00107.jpg,1344,1008,2,Anthrax,598,513,182,169
102,59,00107.jpg,1344,1008,2,Anthrax,520,683,171,165
103,59,00107.jpg,1344,1008,2,Anthrax,817,716,59,36
104,59,00107.jpg,1344,1008,2,Anthrax,993,708,96,136
105,59,00107.jpg,1344,1008,2,Anthrax,308,403,127,123
106,59,00107.jpg,1344,1008,1,Bad color,92,74,686,827
107,60,00112.jpg,1152,1536,2,Anthrax,710,542,38,85
108,60,00112.jpg,1152,1536,2,Anthrax,237,577,294,384
109,61,00113.jpg,1280,720,1,Bad color,288,243,283,172
110,62,00117.jpg,1280,720,2,Anthrax,406,397,51,30
111,63,00119.jpg,1344,1008,1,Bad color,1111,348,150,161
112,63,00119.jpg,1344,1008,3,Absorption,470,572,479,203
113,64,00123.jpg,1280,720,2,Anthrax,255,404,55,53
114,65,00124.jpg,1344,1008,2,Anthrax,587,415,52,53
115,65,00124.jpg,1344,1008,2,Anthrax,714,475,57,59
116,65,00124.jpg,1344,1008,2,Anthrax,480,483,51,74
117,65,00124.jpg,1344,1008,2,Anthrax,431,410,52,33
118,65,00124.jpg,1344,1008,2,Anthrax,884,537,46,35
119,65,00124.jpg,1344,1008,3,Absorption,909,327,95,91
120,66,00125.jpg,1344,1008,2,Anthrax,768,315,223,229
121,66,00125.jpg,1344,1008,5,Black spot,1004,455,47,50
122,66,00125.jpg,1344,1008,5,Black spot,594,510,154,102
123,66,00125.jpg,1344,1008,5,Black spot,699,658,114,182
124,67,00127.jpg,1280,720,1,Bad color,590,219,99,107
125,68,00129.jpg,1280,720,1,Bad color,494,341,156,144
126,69,00136.jpg,1280,720,2,Anthrax,466,464,40,33
127,70,00137.jpg,1280,720,2,Anthrax,601,462,167,211
128,70,00137.jpg,1280,720,1,Bad color,55,46,743,674
129,71,00140.jpg,1344,1008,2,Anthrax,345,428,376,144
130,71,00140.jpg,1344,1008,2,Anthrax,539,274,130,147
131,72,00141.jpg,1280,720,4,Machine damage,668,145,86,63
132,73,00144.jpg,1280,720,1,Bad color,491,285,264,180
133,74,00145.jpg,1280,720,3,Absorption,220,128,232,152
134,75,00148.jpg,1344,1008,2,Anthrax,689,510,336,205
135,75,00148.jpg,1344,1008,2,Anthrax,909,162,190,140
136,75,00148.jpg,1344,1008,2,Anthrax,1164,289,75,62
137,75,00148.jpg,1344,1008,2,Anthrax,673,141,136,79
138,75,00148.jpg,1344,1008,2,Anthrax,440,261,50,35
139,76,00150.jpg,1280,720,1,Bad color,316,64,337,372
140,77,00151.jpg,1344,1008,2,Anthrax,595,387,319,314
141,77,00151.jpg,1344,1008,2,Anthrax,659,747,62,44
142,77,00151.jpg,1344,1008,2,Anthrax,939,738,107,134
143,78,00152.jpg,1280,720,1,Bad color,491,352,252,195
144,79,00154.jpg,1280,720,1,Bad color,122,65,748,646
145,80,00157.jpg,1280,720,1,Bad color,265,128,610,552
146,81,00162.jpg,1280,720,1,Bad color,352,69,451,515
147,82,00166.jpg,1280,720,1,Bad color,476,207,182,186
148,83,00167.jpg,1280,720,2,Anthrax,471,161,349,403
149,84,00168.jpg,1280,720,1,Bad color,458,153,534,531
150,85,00173.jpg,1152,1536,2,Anthrax,177,469,578,681
151,85,00173.jpg,1152,1536,2,Anthrax,755,418,155,744
152,85,00173.jpg,1152,1536,2,Anthrax,470,238,191,224
153,85,00173.jpg,1152,1536,2,Anthrax,406,1333,99,87
154,86,00174.jpg,1280,720,1,Bad color,480,213,163,167
155,87,00175.jpg,1280,720,1,Bad color,626,388,137,126
156,88,00180.jpg,1280,720,3,Absorption,442,360,56,71
157,89,00184.jpg,1152,1536,2,Anthrax,323,290,477,441
158,90,00185.jpg,1280,720,1,Bad color,573,278,193,156
159,91,00186.jpg,1280,720,1,Bad color,43,17,465,375
160,91,00186.jpg,1280,720,1,Bad color,103,363,542,349
161,92,00187.jpg,1280,720,2,Anthrax,711,431,63,68
162,92,00187.jpg,1280,720,2,Anthrax,1031,514,36,47
163,92,00187.jpg,1280,720,3,Absorption,643,422,346,276
164,92,00187.jpg,1280,720,1,Bad color,311,240,88,154
165,93,00189.jpg,1344,1008,1,Bad color,99,142,263,768
166,93,00189.jpg,1344,1008,1,Bad color,363,632,686,330
167,93,00189.jpg,1344,1008,3,Absorption,394,689,270,262
168,94,00192.jpg,1344,1008,2,Anthrax,777,621,80,84
169,94,00192.jpg,1344,1008,2,Anthrax,498,390,42,37
170,95,00193.jpg,1280,720,1,Bad color,113,274,182,213
171,96,00194.jpg,1280,720,2,Anthrax,540,359,64,38
172,96,00194.jpg,1280,720,2,Anthrax,505,295,59,44
173,96,00194.jpg,1280,720,2,Anthrax,359,221,71,56
174,96,00194.jpg,1280,720,2,Anthrax,456,251,51,36
175,97,00199.jpg,1280,720,3,Absorption,536,248,364,217
176,98,00200.jpg,1280,720,2,Anthrax,559,491,47,26
177,99,00201.jpg,1344,1008,2,Anthrax,377,256,242,651
178,99,00201.jpg,1344,1008,2,Anthrax,187,279,189,418
179,99,00201.jpg,1344,1008,2,Anthrax,621,329,297,487
180,99,00201.jpg,1344,1008,2,Anthrax,357,92,257,132
181,99,00201.jpg,1344,1008,2,Anthrax,639,159,194,167
182,99,00201.jpg,1344,1008,2,Anthrax,1061,562,57,67
183,99,00201.jpg,1344,1008,2,Anthrax,1126,674,47,54
184,99,00201.jpg,1344,1008,2,Anthrax,890,170,85,149
185,99,00201.jpg,1344,1008,2,Anthrax,198,130,62,55
186,100,00202.jpg,1344,1008,2,Anthrax,620,101,143,70
187,100,00202.jpg,1344,1008,2,Anthrax,987,355,60,51
188,100,00202.jpg,1344,1008,2,Anthrax,898,366,45,46
189,100,00202.jpg,1344,1008,2,Anthrax,831,410,46,48
190,100,00202.jpg,1344,1008,2,Anthrax,838,694,122,169
191,100,00202.jpg,1344,1008,2,Anthrax,632,606,37,60
192,100,00202.jpg,1344,1008,2,Anthrax,670,618,84,89
193,101,00203.jpg,1280,720,2,Anthrax,721,353,26,41
194,102,00205.jpg,1344,1008,2,Anthrax,634,787,24,17
195,102,00205.jpg,1344,1008,2,Anthrax,920,701,20,37
196,103,00206.jpg,1280,720,1,Bad color,540,445,157,118
197,104,00207.jpg,1280,720,1,Bad color,489,375,221,190
198,105,00211.jpg,816,816,2,Anthrax,294,187,81,61
199,105,00211.jpg,816,816,2,Anthrax,315,241,84,62
200,106,00212.jpg,1280,720,2,Anthrax,123,127,211,208
201,107,00214.jpg,1280,720,3,Absorption,329,391,189,140
202,108,00216.jpg,1280,720,2,Anthrax,99,347,73,78
203,108,00216.jpg,1280,720,1,Bad color,248,240,332,294
204,109,00217.jpg,1280,720,1,Bad color,152,328,222,158
205,110,00218.jpg,1280,720,2,Anthrax,621,368,39,21
206,111,00221.jpg,1344,1008,2,Anthrax,671,703,53,33
207,112,00222.jpg,1280,720,2,Anthrax,569,222,31,25
208,113,00225.jpg,1280,720,2,Anthrax,671,114,24,18
209,114,00227.jpg,1280,720,2,Anthrax,359,140,47,51
210,115,00228.jpg,1280,720,1,Bad color,584,253,152,154
211,116,00229.jpg,1344,1008,3,Absorption,578,230,183,76
212,116,00229.jpg,1344,1008,5,Black spot,307,446,155,193
213,116,00229.jpg,1344,1008,2,Anthrax,287,60,158,106
214,116,00229.jpg,1344,1008,5,Black spot,452,122,37,49
215,116,00229.jpg,1344,1008,2,Anthrax,556,107,43,47
216,116,00229.jpg,1344,1008,5,Black spot,751,389,30,39
217,116,00229.jpg,1344,1008,5,Black spot,185,185,262,186
218,117,00231.jpg,1280,720,2,Anthrax,603,302,53,93
219,118,00233.jpg,1280,720,2,Anthrax,563,254,64,77
220,119,00235.jpg,1280,720,3,Absorption,489,294,226,349
221,120,00236.jpg,1280,720,1,Bad color,272,282,134,159
222,121,00238.jpg,1280,720,2,Anthrax,510,268,39,26
223,122,00243.jpg,1152,1536,5,Black spot,793,491,31,57
224,123,00245.jpg,1280,720,2,Anthrax,357,290,53,46
225,124,00246.jpg,1280,720,4,Machine damage,503,156,55,114
226,125,00248.jpg,1280,720,2,Anthrax,781,393,59,56
227,125,00248.jpg,1280,720,2,Anthrax,601,317,66,52
228,126,00252.jpg,1280,720,1,Bad color,714,190,125,119
229,127,00253.jpg,1280,720,2,Anthrax,649,326,61,55
230,128,00254.jpg,1280,720,1,Bad color,218,199,220,150
231,129,00256.jpg,1280,720,1,Bad color,283,236,417,264
232,130,00259.jpg,1344,1008,3,Absorption,443,303,186,96
233,131,00263.jpg,1280,720,1,Bad color,591,208,149,99
234,132,00265.jpg,1344,1008,1,Bad color,790,573,350,212
235,133,00273.jpg,1280,720,2,Anthrax,674,207,34,34
236,134,00274.jpg,1280,720,3,Absorption,398,211,178,234
237,135,00275.jpg,1280,720,4,Machine damage,384,341,81,94
238,135,00275.jpg,1280,720,2,Anthrax,491,662,191,58
239,135,00275.jpg,1280,720,1,Bad color,240,163,646,520
240,136,00276.jpg,1280,720,1,Bad color,146,13,585,678
241,137,00280.jpg,1152,1536,1,Bad color,164,367,801,1057
242,137,00280.jpg,1152,1536,2,Anthrax,581,625,98,122
243,137,00280.jpg,1152,1536,2,Anthrax,443,550,67,87
244,137,00280.jpg,1152,1536,2,Anthrax,580,922,49,51
245,137,00280.jpg,1152,1536,2,Anthrax,590,752,32,41
246,137,00280.jpg,1152,1536,2,Anthrax,834,862,35,57
247,137,00280.jpg,1152,1536,5,Black spot,741,601,41,47
248,137,00280.jpg,1152,1536,5,Black spot,735,710,43,55
249,138,00284.jpg,1280,720,2,Anthrax,533,200,33,48
250,139,00286.jpg,1280,720,1,Bad color,438,374,314,306
251,140,00290.jpg,1280,720,1,Bad color,658,323,77,71
252,141,00291.jpg,1280,720,3,Absorption,303,160,169,141
253,142,00297.jpg,1280,720,1,Bad color,431,170,245,259
254,143,00299.jpg,1536,1152,2,Anthrax,486,671,95,109
255,144,00301.jpg,1280,720,1,Bad color,327,439,107,80
256,145,00302.jpg,1280,720,1,Bad color,239,432,199,129
257,146,00307.jpg,1280,720,1,Bad color,387,103,198,223
258,147,00311.jpg,1280,720,1,Bad color,634,305,157,160
259,148,00313.jpg,1344,1008,2,Anthrax,1131,628,46,61
260,148,00313.jpg,1344,1008,2,Anthrax,462,529,93,72
261,148,00313.jpg,1344,1008,2,Anthrax,826,494,46,47
262,148,00313.jpg,1344,1008,2,Anthrax,550,684,54,49
263,149,00314.jpg,1280,720,2,Anthrax,396,496,225,192
264,149,00314.jpg,1280,720,1,Bad color,196,111,475,409
265,150,00315.jpg,1280,720,1,Bad color,98,283,243,197
266,151,00316.jpg,1280,720,2,Anthrax,563,350,30,26
267,152,00323.jpg,1344,1008,2,Anthrax,565,286,70,76
268,152,00323.jpg,1344,1008,2,Anthrax,486,571,116,118
269,152,00323.jpg,1344,1008,2,Anthrax,640,262,79,60
270,153,00324.jpg,1344,1008,5,Black spot,420,559,43,35
271,153,00324.jpg,1344,1008,5,Black spot,497,582,210,93
272,153,00324.jpg,1344,1008,5,Black spot,926,450,36,36
273,154,00325.jpg,1344,1008,2,Anthrax,768,366,76,57
274,154,00325.jpg,1344,1008,2,Anthrax,245,620,87,97
275,154,00325.jpg,1344,1008,2,Anthrax,818,246,34,50
276,155,00328.jpg,1344,1008,2,Anthrax,648,843,33,32
277,155,00328.jpg,1344,1008,2,Anthrax,1029,355,30,30
278,156,00329.jpg,1280,720,2,Anthrax,716,472,50,70
279,157,00331.jpg,1344,1008,2,Anthrax,840,575,69,67
280,157,00331.jpg,1344,1008,2,Anthrax,952,386,43,38
281,157,00331.jpg,1344,1008,2,Anthrax,568,317,64,72
282,157,00331.jpg,1344,1008,2,Anthrax,624,212,50,50
283,157,00331.jpg,1344,1008,2,Anthrax,662,240,42,61
284,158,00336.jpg,1280,720,1,Bad color,577,220,134,138
285,159,00343.jpg,1280,720,1,Bad color,497,375,288,248
286,160,00344.jpg,1344,1008,2,Anthrax,562,332,49,37
287,160,00344.jpg,1344,1008,2,Anthrax,603,632,62,70
288,160,00344.jpg,1344,1008,2,Anthrax,506,660,59,44
289,160,00344.jpg,1344,1008,2,Anthrax,36,330,87,74
290,161,00345.jpg,1536,1152,2,Anthrax,950,268,47,41
291,162,00347.jpg,1280,720,1,Bad color,425,96,212,145
292,163,00348.jpg,1280,720,1,Bad color,569,223,139,188
293,164,00349.jpg,1280,720,1,Bad color,51,24,722,680
294,165,00351.jpg,1280,720,2,Anthrax,516,220,49,41
295,166,00352.jpg,1280,720,1,Bad color,579,343,184,153
296,167,00353.jpg,1280,720,1,Bad color,321,67,612,573
297,168,00354.jpg,1152,1536,2,Anthrax,212,475,44,79
298,168,00354.jpg,1152,1536,2,Anthrax,102,750,62,115
299,168,00354.jpg,1152,1536,2,Anthrax,202,824,100,181
300,168,00354.jpg,1152,1536,2,Anthrax,308,629,101,161
301,168,00354.jpg,1152,1536,2,Anthrax,380,434,39,58
302,168,00354.jpg,1152,1536,2,Anthrax,474,428,466,746
303,169,00360.jpg,1280,720,1,Bad color,797,142,79,86
304,170,00363.jpg,1088,816,2,Anthrax,300,247,46,64
305,170,00363.jpg,1088,816,2,Anthrax,388,177,235,280
306,170,00363.jpg,1088,816,2,Anthrax,655,353,69,61
307,170,00363.jpg,1088,816,2,Anthrax,441,469,116,115
308,171,00364.jpg,1280,720,1,Bad color,493,363,149,127
309,172,00365.jpg,1280,720,1,Bad color,131,271,207,207
310,173,00366.jpg,1280,720,2,Anthrax,511,185,46,56
311,174,00367.jpg,1280,720,1,Bad color,310,175,120,90
312,175,00368.jpg,1344,1008,3,Absorption,388,320,615,452
313,176,00369.jpg,1280,720,1,Bad color,596,404,254,231
314,177,00371.jpg,1088,816,2,Anthrax,229,224,287,300
315,178,00374.jpg,1280,720,1,Bad color,516,290,175,283
316,179,00375.jpg,1280,720,1,Bad color,663,273,110,167
317,180,00377.jpg,1280,720,2,Anthrax,641,200,83,105
318,180,00377.jpg,1280,720,1,Bad color,293,10,476,661
319,181,00380.jpg,1344,1008,2,Anthrax,365,221,295,134
320,181,00380.jpg,1344,1008,5,Black spot,516,725,56,57
321,181,00380.jpg,1344,1008,5,Black spot,472,471,51,77
322,181,00380.jpg,1344,1008,5,Black spot,574,394,81,101
323,181,00380.jpg,1344,1008,5,Black spot,266,353,62,53
324,181,00380.jpg,1344,1008,2,Anthrax,435,114,95,72
325,181,00380.jpg,1344,1008,5,Black spot,797,654,55,54
326,181,00380.jpg,1344,1008,5,Black spot,416,601,38,49
327,181,00380.jpg,1344,1008,5,Black spot,277,459,28,34
328,181,00380.jpg,1344,1008,5,Black spot,714,704,33,38
329,181,00380.jpg,1344,1008,5,Black spot,971,504,38,43
330,181,00380.jpg,1344,1008,5,Black spot,1053,542,35,38
331,182,00381.jpg,1280,720,2,Anthrax,375,399,96,60
332,183,00383.jpg,1280,720,1,Bad color,498,275,177,78
333,183,00383.jpg,1280,720,1,Bad color,384,357,293,129
334,183,00383.jpg,1280,720,3,Absorption,471,355,92,83
335,184,00385.jpg,1280,720,2,Anthrax,640,363,124,103
336,185,00387.jpg,1280,720,2,Anthrax,558,280,101,106
337,186,00390.jpg,1280,720,3,Absorption,569,327,106,82
338,187,00392.jpg,1280,720,2,Anthrax,637,357,95,39
339,188,00394.jpg,1280,720,1,Bad color,1131,244,97,202
340,189,00395.jpg,1280,720,1,Bad color,587,232,156,101
341,190,00396.jpg,1280,720,1,Bad color,610,169,352,513
342,191,00397.jpg,1280,720,1,Bad color,41,104,662,581
343,192,00398.jpg,1280,720,1,Bad color,836,306,134,218
344,193,00400.jpg,1280,720,2,Anthrax,547,411,62,81
345,194,00401.jpg,1344,1008,2,Anthrax,703,804,25,31
346,195,00402.jpg,1280,720,2,Anthrax,744,543,123,67
347,195,00402.jpg,1280,720,2,Anthrax,813,192,38,26
348,196,00405.jpg,1344,1008,5,Black spot,1282,498,41,95
349,197,00411.jpg,1280,720,1,Bad color,522,240,173,162
350,198,00412.jpg,1280,720,1,Bad color,91,9,520,302
351,199,00415.jpg,1152,1536,2,Anthrax,428,1229,90,103
352,199,00415.jpg,1152,1536,2,Anthrax,222,505,357,571
353,200,00416.jpg,1152,1536,2,Anthrax,186,575,246,349
354,200,00416.jpg,1152,1536,2,Anthrax,309,154,516,435
355,200,00416.jpg,1152,1536,2,Anthrax,798,641,137,122
356,201,00419.jpg,1280,720,1,Bad color,223,129,578,544
357,202,00420.jpg,1280,720,1,Bad color,484,164,182,110
358,203,00421.jpg,1280,720,5,Black spot,405,365,96,87
359,204,00427.jpg,1344,1008,2,Anthrax,1083,525,86,75
360,204,00427.jpg,1344,1008,2,Anthrax,876,819,60,46
361,204,00427.jpg,1344,1008,2,Anthrax,811,269,47,44
362,204,00427.jpg,1344,1008,2,Anthrax,720,344,49,32
363,204,00427.jpg,1344,1008,2,Anthrax,966,667,37,44
364,205,00428.jpg,1280,720,1,Bad color,400,59,118,154
365,206,00429.jpg,1280,720,1,Bad color,503,339,127,165
366,207,00431.jpg,1280,720,1,Bad color,790,238,143,251
367,208,00434.jpg,1280,720,2,Anthrax,411,369,53,67
368,209,00435.jpg,1280,720,2,Anthrax,436,136,85,103
369,210,00437.jpg,1280,720,2,Anthrax,675,476,37,27
370,210,00437.jpg,1280,720,2,Anthrax,599,495,24,32
371,210,00437.jpg,1280,720,1,Bad color,552,286,263,146
372,211,00439.jpg,1280,720,2,Anthrax,610,303,52,60
373,212,00446.jpg,1280,720,1,Bad color,500,315,162,137
374,213,00449.jpg,1152,1536,2,Anthrax,705,537,44,78
375,213,00449.jpg,1152,1536,1,Bad color,289,381,714,965
376,214,00450.jpg,1088,816,2,Anthrax,452,442,119,77
377,214,00450.jpg,1088,816,2,Anthrax,499,338,194,134
378,215,00452.jpg,1280,720,1,Bad color,593,318,150,181
379,216,00453.jpg,1344,1008,1,Bad color,366,729,805,221
380,217,00456.jpg,1280,720,1,Bad color,444,116,171,82
381,217,00456.jpg,1280,720,1,Bad color,456,307,168,107
382,218,00459.jpg,1280,720,1,Bad color,378,229,430,290
383,219,00460.jpg,1536,1152,2,Anthrax,1084,568,113,125
384,219,00460.jpg,1536,1152,2,Anthrax,558,709,225,190
385,219,00460.jpg,1536,1152,2,Anthrax,805,320,279,517
386,219,00460.jpg,1536,1152,2,Anthrax,382,221,69,71
387,220,00463.jpg,1280,720,1,Bad color,539,183,244,478
388,221,00465.jpg,1280,720,1,Bad color,221,185,450,391
389,222,00467.jpg,1280,720,2,Anthrax,440,279,94,108
390,223,00470.jpg,1280,720,1,Bad color,632,78,163,155
391,224,00473.jpg,1280,720,1,Bad color,37,116,773,584
392,225,00476.jpg,1280,720,1,Bad color,620,370,139,114
393,226,00478.jpg,1536,1152,1,Bad color,1039,325,348,610
394,227,00479.jpg,1088,816,3,Absorption,313,333,162,143
395,228,00480.jpg,1344,1008,2,Anthrax,281,262,54,53
396,228,00480.jpg,1344,1008,2,Anthrax,924,250,62,64
397,228,00480.jpg,1344,1008,2,Anthrax,720,843,83,54
398,228,00480.jpg,1344,1008,1,Bad color,835,524,388,347
399,229,00481.jpg,1280,720,1,Bad color,575,234,99,104
400,230,00482.jpg,1280,720,1,Bad color,738,217,194,174
401,231,00484.jpg,1280,720,1,Bad color,484,409,106,126
402,232,00485.jpg,1280,720,1,Bad color,526,73,323,193
403,233,00491.jpg,1280,720,1,Bad color,600,211,146,118
404,234,00492.jpg,1344,1008,2,Anthrax,319,264,44,33
405,234,00492.jpg,1344,1008,3,Absorption,596,631,251,200
406,235,00493.jpg,1280,720,1,Bad color,276,90,261,99
407,236,00496.jpg,1344,1008,2,Anthrax,1125,536,33,46
408,236,00496.jpg,1344,1008,2,Anthrax,948,584,84,79
409,236,00496.jpg,1344,1008,2,Anthrax,529,714,154,76
410,236,00496.jpg,1344,1008,1,Bad color,544,319,716,490
411,237,00497.jpg,1280,720,2,Anthrax,759,342,51,55
412,238,00499.jpg,1344,1008,2,Anthrax,885,145,79,117
413,239,00506.jpg,1344,1008,1,Bad color,723,392,290,226
414,240,00507.jpg,1280,720,1,Bad color,578,346,158,209
415,241,00508.jpg,1280,720,1,Bad color,607,405,185,106
416,241,00508.jpg,1280,720,1,Bad color,576,238,192,105
417,242,00509.jpg,1536,1152,1,Bad color,1237,507,150,280
418,243,00510.jpg,1280,720,2,Anthrax,619,167,150,82
419,244,00516.jpg,1280,720,2,Anthrax,720,361,60,59
420,245,00518.jpg,1344,1008,2,Anthrax,649,487,148,137
421,245,00518.jpg,1344,1008,2,Anthrax,592,235,121,119
422,245,00518.jpg,1344,1008,2,Anthrax,747,145,80,71
423,245,00518.jpg,1344,1008,2,Anthrax,371,539,277,160
424,245,00518.jpg,1344,1008,2,Anthrax,473,483,86,48
425,245,00518.jpg,1344,1008,2,Anthrax,215,582,156,126
426,245,00518.jpg,1344,1008,2,Anthrax,565,828,79,48
427,245,00518.jpg,1344,1008,2,Anthrax,191,352,39,32
428,245,00518.jpg,1344,1008,2,Anthrax,759,356,50,74
429,245,00518.jpg,1344,1008,1,Bad color,356,82,833,813
430,246,00519.jpg,1152,1536,2,Anthrax,288,989,173,367
431,246,00519.jpg,1152,1536,2,Anthrax,674,320,115,173
432,246,00519.jpg,1152,1536,2,Anthrax,541,510,109,173
433,246,00519.jpg,1152,1536,2,Anthrax,254,581,186,365
434,247,00520.jpg,1280,720,1,Bad color,1075,149,139,132
435,248,00522.jpg,1280,720,3,Absorption,656,282,71,119
436,249,00525.jpg,1280,720,2,Anthrax,522,439,46,27
437,250,00526.jpg,1344,1008,3,Absorption,432,177,244,159
438,250,00526.jpg,1344,1008,1,Bad color,300,95,617,171
439,251,00527.jpg,1344,1008,2,Anthrax,778,390,407,449
440,251,00527.jpg,1344,1008,2,Anthrax,846,58,214,279
441,251,00527.jpg,1344,1008,2,Anthrax,432,131,307,138
442,252,00528.jpg,1344,1008,2,Anthrax,608,433,181,167
443,253,00533.jpg,1280,720,1,Bad color,588,341,89,134
444,254,00534.jpg,1280,720,1,Bad color,325,70,233,456
445,255,00535.jpg,1344,1008,2,Anthrax,640,307,66,64
446,255,00535.jpg,1344,1008,2,Anthrax,751,446,136,151
447,255,00535.jpg,1344,1008,2,Anthrax,659,704,73,71
448,256,00536.jpg,1280,720,1,Bad color,345,277,137,76
449,257,00538.jpg,1280,720,1,Bad color,216,565,243,99
450,258,00539.jpg,1280,720,1,Bad color,483,216,211,247
451,259,00540.jpg,1536,1152,2,Anthrax,536,821,187,92
452,259,00540.jpg,1536,1152,2,Anthrax,601,327,149,139
453,259,00540.jpg,1536,1152,2,Anthrax,157,451,402,163
454,260,00541.jpg,1280,720,1,Bad color,333,183,245,346
455,261,00542.jpg,1280,720,2,Anthrax,462,469,60,61
456,262,00544.jpg,1280,720,1,Bad color,423,346,209,197
457,263,00545.jpg,1280,720,3,Absorption,515,139,114,111
458,264,00546.jpg,1280,720,4,Machine damage,676,544,65,36
459,264,00546.jpg,1280,720,4,Machine damage,726,603,58,23
460,265,00548.jpg,1280,720,1,Bad color,289,432,104,108
461,266,00549.jpg,1088,816,2,Anthrax,302,600,34,38
462,266,00549.jpg,1088,816,2,Anthrax,499,332,21,26
463,267,00553.jpg,1344,1008,1,Bad color,488,278,785,576
464,268,00554.jpg,1280,720,1,Bad color,696,293,71,108
465,269,00555.jpg,1280,720,3,Absorption,815,421,222,193
466,270,00556.jpg,1344,1008,1,Bad color,392,201,855,694
467,271,00560.jpg,1152,1536,2,Anthrax,845,320,67,70
468,271,00560.jpg,1152,1536,2,Anthrax,552,375,305,319
469,272,00563.jpg,1536,1152,2,Anthrax,1178,355,164,144
470,273,00566.jpg,1280,720,2,Anthrax,369,170,60,73
471,274,00567.jpg,1280,720,2,Anthrax,1056,438,31,35
472,274,00567.jpg,1280,720,2,Anthrax,847,302,35,44
473,275,00570.jpg,1344,1008,3,Absorption,307,281,145,215
474,275,00570.jpg,1344,1008,2,Anthrax,344,501,460,215
475,275,00570.jpg,1344,1008,2,Anthrax,463,233,276,266
476,276,00571.jpg,1280,720,1,Bad color,470,305,243,237
477,277,00576.jpg,1280,720,1,Bad color,643,46,109,238
478,278,00577.jpg,1280,720,2,Anthrax,344,205,36,38
479,279,00579.jpg,1280,720,1,Bad color,375,123,711,542
480,280,00580.jpg,1280,720,2,Anthrax,501,356,85,66
481,281,00581.jpg,1280,720,1,Bad color,617,140,102,161
482,282,00582.jpg,1280,720,1,Bad color,287,130,189,196
483,283,00584.jpg,1280,720,1,Bad color,472,394,83,77
484,284,00585.jpg,1280,720,1,Bad color,61,53,589,540
485,285,00588.jpg,1280,720,1,Bad color,312,206,125,100
486,286,00589.jpg,1280,720,3,Absorption,668,373,78,98
487,287,00592.jpg,1280,720,2,Anthrax,557,379,71,58
488,287,00592.jpg,1280,720,3,Absorption,828,398,59,61
489,287,00592.jpg,1280,720,2,Anthrax,785,502,63,48
490,288,00595.jpg,1280,720,2,Anthrax,348,436,68,69
491,288,00595.jpg,1280,720,1,Bad color,340,161,188,184
492,289,00596.jpg,1152,1536,2,Anthrax,586,810,159,225
493,289,00596.jpg,1152,1536,2,Anthrax,187,716,137,214
494,289,00596.jpg,1152,1536,2,Anthrax,153,721,38,62
495,289,00596.jpg,1152,1536,2,Anthrax,844,823,75,74
496,289,00596.jpg,1152,1536,2,Anthrax,903,582,90,159
497,289,00596.jpg,1152,1536,1,Bad color,48,134,965,1207
498,290,00597.jpg,1280,720,1,Bad color,462,70,214,100
499,291,00598.jpg,1344,1008,1,Bad color,315,258,465,320
500,292,00599.jpg,1280,720,1,Bad color,275,209,480,503
501,293,00601.jpg,1280,720,1,Bad color,473,320,219,206
502,294,00602.jpg,1280,720,1,Bad color,266,219,712,492
503,295,00603.jpg,1280,720,2,Anthrax,646,325,168,145
504,295,00603.jpg,1280,720,2,Anthrax,738,466,58,50
505,295,00603.jpg,1280,720,1,Bad color,301,98,720,496
506,296,00606.jpg,1280,720,1,Bad color,445,421,82,74
507,297,00611.jpg,1280,720,1,Bad color,553,222,137,106
508,298,00613.jpg,1280,720,1,Bad color,327,238,159,150
509,299,00616.jpg,1280,720,2,Anthrax,600,190,57,36
510,300,00619.jpg,1152,1536,2,Anthrax,481,287,448,455
511,300,00619.jpg,1152,1536,2,Anthrax,464,813,71,90
512,300,00619.jpg,1152,1536,2,Anthrax,247,333,236,389
513,301,00620.jpg,1344,1008,2,Anthrax,380,418,61,58
514,301,00620.jpg,1344,1008,2,Anthrax,652,509,31,30
515,301,00620.jpg,1344,1008,2,Anthrax,649,571,54,75
516,301,00620.jpg,1344,1008,3,Absorption,1105,240,113,227
517,302,00622.jpg,1344,1008,5,Black spot,386,345,249,182
518,302,00622.jpg,1344,1008,2,Anthrax,483,277,124,45
519,302,00622.jpg,1344,1008,1,Bad color,640,295,473,389
520,303,00623.jpg,1280,720,2,Anthrax,392,177,34,33
521,303,00623.jpg,1280,720,2,Anthrax,375,273,41,41
522,304,00627.jpg,1280,720,1,Bad color,461,308,112,58
523,305,00631.jpg,1280,720,2,Anthrax,799,410,34,31
524,306,00633.jpg,1280,720,1,Bad color,432,229,181,175
525,307,00637.jpg,1280,720,1,Bad color,910,264,88,238
526,307,00637.jpg,1280,720,1,Bad color,773,560,96,109
527,308,00639.jpg,1344,1008,2,Anthrax,970,587,41,52
528,309,00642.jpg,1280,720,2,Anthrax,742,409,28,36
529,310,00643.jpg,1344,1008,1,Bad color,212,153,1053,790
530,311,00646.jpg,1280,720,2,Anthrax,736,173,47,86
531,312,00648.jpg,1280,720,1,Bad color,572,351,113,114
532,313,00649.jpg,1344,1008,2,Anthrax,1143,477,63,74
533,313,00649.jpg,1344,1008,2,Anthrax,807,521,127,146
534,313,00649.jpg,1344,1008,2,Anthrax,656,178,53,99
535,313,00649.jpg,1344,1008,2,Anthrax,433,355,52,61
536,313,00649.jpg,1344,1008,2,Anthrax,430,576,36,38
537,313,00649.jpg,1344,1008,2,Anthrax,726,435,47,60
538,313,00649.jpg,1344,1008,2,Anthrax,786,326,68,68
539,313,00649.jpg,1344,1008,2,Anthrax,572,409,38,42
540,313,00649.jpg,1344,1008,2,Anthrax,338,409,49,45
541,314,00650.jpg,1280,720,4,Machine damage,600,284,223,130
542,314,00650.jpg,1280,720,2,Anthrax,593,128,83,65
543,315,00654.jpg,1280,720,1,Bad color,471,274,117,118
544,316,00657.jpg,1280,720,1,Bad color,518,350,185,116
545,317,00658.jpg,1280,720,1,Bad color,151,146,246,226
546,318,00660.jpg,1280,720,2,Anthrax,207,228,48,84
547,318,00660.jpg,1280,720,1,Bad color,384,183,239,408
548,319,00661.jpg,1280,720,1,Bad color,442,350,288,282
549,320,00662.jpg,1280,720,1,Bad color,144,411,337,292
550,321,00665.jpg,1280,720,2,Anthrax,365,610,82,29
551,322,00666.jpg,1280,720,1,Bad color,576,193,141,117
552,323,00668.jpg,1280,720,1,Bad color,414,409,124,127
553,324,00670.jpg,1280,720,2,Anthrax,550,206,58,56
554,325,00671.jpg,1280,720,1,Bad color,613,560,113,99
555,326,00673.jpg,1280,720,2,Anthrax,731,540,40,27
556,326,00673.jpg,1280,720,2,Anthrax,682,583,45,36
557,327,00675.jpg,1344,1008,3,Absorption,284,422,143,175
558,327,00675.jpg,1344,1008,2,Anthrax,460,456,431,240
559,328,00678.jpg,1152,1536,2,Anthrax,549,770,55,73
560,329,00680.jpg,1280,720,1,Bad color,47,128,727,528
561,330,00681.jpg,1280,720,1,Bad color,570,293,122,80
562,331,00682.jpg,1344,1008,1,Bad color,498,410,258,225
563,332,00685.jpg,1280,720,1,Bad color,496,193,194,374
564,333,00687.jpg,1280,720,1,Bad color,259,219,482,327
565,334,00688.jpg,1280,720,1,Bad color,402,319,107,78
566,335,00694.jpg,1280,720,3,Absorption,568,554,64,54
567,335,00694.jpg,1280,720,3,Absorption,985,422,95,98
568,335,00694.jpg,1280,720,1,Bad color,554,42,495,231
569,336,00696.jpg,1152,1536,2,Anthrax,769,849,47,68
570,336,00696.jpg,1152,1536,2,Anthrax,793,996,45,64
571,336,00696.jpg,1152,1536,2,Anthrax,381,728,86,93
572,336,00696.jpg,1152,1536,2,Anthrax,406,527,44,62
573,336,00696.jpg,1152,1536,2,Anthrax,412,606,38,77
574,336,00696.jpg,1152,1536,2,Anthrax,794,492,48,64
575,336,00696.jpg,1152,1536,2,Anthrax,724,495,35,37
576,337,00698.jpg,1344,1008,2,Anthrax,996,508,27,31
577,337,00698.jpg,1344,1008,2,Anthrax,567,194,214,126
578,338,00699.jpg,1280,720,2,Anthrax,522,216,68,70
579,339,00701.jpg,1344,1008,2,Anthrax,457,480,94,85
580,340,00705.jpg,1280,720,1,Bad color,507,266,141,119
581,341,00708.jpg,1280,720,2,Anthrax,502,474,64,71
582,342,00710.jpg,1280,720,1,Bad color,256,107,604,490
583,343,00715.jpg,1280,720,1,Bad color,806,235,154,165
584,344,00718.jpg,1280,720,2,Anthrax,470,93,41,29
585,345,00721.jpg,1280,720,1,Bad color,197,216,490,486
586,346,00729.jpg,1152,1536,2,Anthrax,489,1056,23,27
587,346,00729.jpg,1152,1536,2,Anthrax,485,614,82,115
588,347,00730.jpg,1088,816,1,Bad color,398,184,313,171
589,348,00731.jpg,1280,720,1,Bad color,375,195,73,140
590,349,00733.jpg,1344,1008,5,Black spot,764,415,89,103
591,349,00733.jpg,1344,1008,5,Black spot,590,247,70,39
592,350,00734.jpg,1280,720,1,Bad color,138,111,310,93
593,351,00735.jpg,1344,1008,1,Bad color,1033,337,253,416
594,352,00738.jpg,1280,720,2,Anthrax,488,196,63,66
595,353,00739.jpg,1344,1008,2,Anthrax,565,596,41,42
596,353,00739.jpg,1344,1008,2,Anthrax,747,710,46,45
597,353,00739.jpg,1344,1008,2,Anthrax,369,752,45,53
598,354,00745.jpg,1280,720,1,Bad color,458,202,122,73
599,355,00747.jpg,1280,720,3,Absorption,536,517,202,57
600,356,00748.jpg,1280,720,2,Anthrax,381,544,53,49
601,356,00748.jpg,1280,720,2,Anthrax,497,560,40,37
602,356,00748.jpg,1280,720,1,Bad color,211,280,187,302
603,357,00749.jpg,1152,1536,1,Bad color,391,677,395,333
604,358,00750.jpg,1280,720,1,Bad color,499,244,171,113
605,359,00752.jpg,1280,720,1,Bad color,565,283,161,138
606,360,00753.jpg,1344,1008,2,Anthrax,520,832,26,19
607,360,00753.jpg,1344,1008,3,Absorption,175,275,302,243
608,361,00755.jpg,1280,720,1,Bad color,599,147,177,146
609,362,00757.jpg,1280,720,2,Anthrax,657,245,53,77
610,363,00759.jpg,1280,720,1,Bad color,378,171,190,215
611,364,00761.jpg,1280,720,2,Anthrax,571,109,47,51
612,365,00762.jpg,1280,720,2,Anthrax,595,327,132,170
613,366,00763.jpg,1280,720,2,Anthrax,698,299,41,37
614,367,00764.jpg,1280,720,1,Bad color,312,82,286,315
615,368,00765.jpg,1280,720,1,Bad color,542,183,381,287
616,369,00766.jpg,1536,1152,2,Anthrax,1068,378,29,20
617,369,00766.jpg,1536,1152,2,Anthrax,697,626,28,23
618,369,00766.jpg,1536,1152,5,Black spot,817,479,162,177
619,369,00766.jpg,1536,1152,1,Bad color,399,521,287,248
620,370,00768.jpg,1280,720,1,Bad color,502,282,179,193
621,371,00770.jpg,1280,720,2,Anthrax,525,326,53,38
622,372,00771.jpg,1280,720,2,Anthrax,623,256,36,33
623,373,00773.jpg,1280,720,2,Anthrax,731,353,32,31
624,374,00775.jpg,1280,720,2,Anthrax,536,319,62,52
625,375,00778.jpg,1152,1536,2,Anthrax,462,769,267,308
626,375,00778.jpg,1152,1536,2,Anthrax,221,448,222,216
627,376,00779.jpg,1280,720,2,Anthrax,191,457,58,98
628,377,00780.jpg,1280,720,1,Bad color,611,158,300,205
629,378,00781.jpg,1280,720,2,Anthrax,438,293,119,84
630,379,00783.jpg,1280,720,2,Anthrax,551,180,89,58
631,380,00784.jpg,1280,720,1,Bad color,316,255,194,246
632,381,00785.jpg,1280,720,1,Bad color,760,150,124,144
633,382,00787.jpg,1280,720,2,Anthrax,599,383,52,39
634,383,00789.jpg,1280,720,1,Bad color,490,265,431,303
635,384,00791.jpg,1280,720,1,Bad color,55,12,800,684
636,385,00792.jpg,1280,720,1,Bad color,627,200,216,204
637,386,00793.jpg,1280,720,1,Bad color,501,335,180,150
638,387,00795.jpg,1280,720,2,Anthrax,587,325,88,53
639,387,00795.jpg,1280,720,2,Anthrax,410,251,159,141
640,388,00800.jpg,1280,720,2,Anthrax,617,352,55,35
641,388,00800.jpg,1280,720,3,Absorption,584,185,189,135
642,389,00802.jpg,1280,720,2,Anthrax,582,104,93,76
643,390,00803.jpg,1280,720,1,Bad color,24,12,640,577
644,391,00804.jpg,1280,720,1,Bad color,375,458,120,114
645,392,00808.jpg,1280,720,2,Anthrax,604,486,48,47
646,393,00810.jpg,1280,720,2,Anthrax,387,323,128,140
647,394,00811.jpg,1152,1536,2,Anthrax,913,539,39,60
648,395,00812.jpg,1280,720,1,Bad color,541,165,272,420
649,396,00813.jpg,1280,720,1,Bad color,656,86,104,90
650,397,00816.jpg,1280,720,2,Anthrax,635,135,39,42
651,398,00819.jpg,1280,720,1,Bad color,521,465,119,189
652,399,00820.jpg,1280,720,3,Absorption,532,312,61,83
653,399,00820.jpg,1280,720,1,Bad color,631,330,90,117
654,400,00821.jpg,1280,720,1,Bad color,262,215,128,172
655,401,00823.jpg,1280,720,1,Bad color,336,348,142,174
656,402,00825.jpg,1344,1008,2,Anthrax,521,335,88,37
657,402,00825.jpg,1344,1008,1,Bad color,365,383,537,200
658,402,00825.jpg,1344,1008,3,Absorption,435,435,173,101
659,402,00825.jpg,1344,1008,2,Anthrax,739,430,84,25
660,403,00826.jpg,1344,1008,2,Anthrax,944,516,113,135
661,403,00826.jpg,1344,1008,1,Bad color,394,367,339,292
662,404,00828.jpg,1280,720,1,Bad color,509,263,207,138
663,405,00829.jpg,1280,720,2,Anthrax,526,210,42,55
664,406,00830.jpg,1152,1536,2,Anthrax,882,962,21,35
665,406,00830.jpg,1152,1536,2,Anthrax,849,683,27,45
666,407,00832.jpg,1280,720,1,Bad color,448,333,425,284
667,408,00833.jpg,1280,720,1,Bad color,360,525,113,89
668,409,00834.jpg,1280,720,2,Anthrax,322,246,76,87
669,410,00835.jpg,1280,720,1,Bad color,433,429,137,125
670,411,00836.jpg,1280,720,2,Anthrax,722,183,104,130
671,412,00838.jpg,1280,720,3,Absorption,449,437,66,110
672,413,00841.jpg,1280,720,2,Anthrax,659,271,149,209
673,413,00841.jpg,1280,720,1,Bad color,134,80,737,474
674,414,00843.jpg,1280,720,1,Bad color,314,324,157,156
675,415,00844.jpg,1280,720,2,Anthrax,504,172,103,99
676,416,00847.jpg,1280,720,1,Bad color,575,378,120,82
677,417,00848.jpg,1536,1152,2,Anthrax,524,313,654,337
678,417,00848.jpg,1536,1152,2,Anthrax,634,662,293,159
679,417,00848.jpg,1536,1152,1,Bad color,350,168,856,759
680,418,00849.jpg,1280,720,1,Bad color,623,253,139,173
681,419,00854.jpg,1280,720,2,Anthrax,612,407,32,28
682,419,00854.jpg,1280,720,1,Bad color,644,319,206,217
683,420,00855.jpg,1344,1008,2,Anthrax,461,652,111,84
684,421,00857.jpg,1280,720,1,Bad color,481,130,172,173
685,422,00859.jpg,1280,720,1,Bad color,50,67,687,645
686,423,00860.jpg,1280,720,1,Bad color,418,191,57,62
687,423,00860.jpg,1280,720,1,Bad color,557,257,142,181
688,424,00865.jpg,1344,1008,2,Anthrax,751,622,63,42
689,424,00865.jpg,1344,1008,2,Anthrax,862,261,91,79
690,424,00865.jpg,1344,1008,2,Anthrax,748,236,55,45
691,424,00865.jpg,1344,1008,1,Bad color,230,312,1046,547
692,425,00866.jpg,1280,720,3,Absorption,100,343,313,230
693,426,00867.jpg,1280,720,1,Bad color,502,216,110,119
694,427,00870.jpg,1344,1008,2,Anthrax,442,647,99,89
695,428,00871.jpg,1088,816,5,Black spot,362,307,119,91
696,428,00871.jpg,1088,816,5,Black spot,522,521,103,111
697,429,00872.jpg,1280,720,1,Bad color,381,248,247,187
698,430,00879.jpg,1280,720,1,Bad color,580,274,131,73
699,431,00880.jpg,1280,720,1,Bad color,785,187,160,171
700,432,00882.jpg,1344,1008,2,Anthrax,399,425,60,66
701,432,00882.jpg,1344,1008,2,Anthrax,912,567,55,76
702,432,00882.jpg,1344,1008,2,Anthrax,645,616,125,176
703,433,00887.jpg,1280,720,1,Bad color,615,321,133,135
704,434,00888.jpg,1344,1008,2,Anthrax,954,661,37,52
705,435,00890.jpg,1280,720,2,Anthrax,604,517,37,40
706,435,00890.jpg,1280,720,2,Anthrax,642,561,49,35
707,435,00890.jpg,1280,720,2,Anthrax,445,406,42,35
708,436,00891.jpg,1280,720,2,Anthrax,672,59,64,52
709,437,00893.jpg,1152,1536,2,Anthrax,790,613,209,405
710,437,00893.jpg,1152,1536,2,Anthrax,244,518,537,634
711,437,00893.jpg,1152,1536,1,Bad color,96,505,883,915
712,438,00896.jpg,1344,1008,5,Black spot,280,271,41,59
713,439,00899.jpg,1344,1008,2,Anthrax,509,601,50,48
714,439,00899.jpg,1344,1008,1,Bad color,533,130,701,344
715,440,00900.jpg,1280,720,1,Bad color,437,319,127,73
716,441,00901.jpg,1344,1008,2,Anthrax,591,313,63,38
717,442,00904.jpg,1280,720,1,Bad color,485,268,202,164
718,443,00905.jpg,1344,1008,2,Anthrax,568,390,198,269
719,443,00905.jpg,1344,1008,2,Anthrax,733,212,205,291
720,444,00906.jpg,1280,720,1,Bad color,406,154,340,363
721,445,00907.jpg,1280,720,1,Bad color,271,252,227,181
722,446,00908.jpg,1280,720,2,Anthrax,562,223,117,72
723,447,00909.jpg,1280,720,3,Absorption,227,166,277,172
724,448,00910.jpg,1280,720,1,Bad color,494,65,316,217
725,449,00912.jpg,1280,720,1,Bad color,622,216,139,166
726,450,00913.jpg,1344,1008,2,Anthrax,546,323,342,285
727,450,00913.jpg,1344,1008,2,Anthrax,269,420,62,50
728,451,00914.jpg,1280,720,2,Anthrax,633,316,220,218
729,452,00916.jpg,1344,1008,2,Anthrax,771,343,66,53
730,452,00916.jpg,1344,1008,2,Anthrax,490,343,74,63
731,452,00916.jpg,1344,1008,3,Absorption,445,142,255,65
732,452,00916.jpg,1344,1008,2,Anthrax,899,466,34,45
733,452,00916.jpg,1344,1008,3,Absorption,749,139,226,66
734,453,00918.jpg,1280,720,1,Bad color,466,62,275,190
735,454,00921.jpg,1280,720,1,Bad color,526,222,226,185
736,455,00922.jpg,1280,720,1,Bad color,142,99,291,93
737,456,00924.jpg,1280,720,1,Bad color,564,455,74,68
738,457,00926.jpg,1280,720,2,Anthrax,615,484,66,51
739,458,00932.jpg,1280,720,1,Bad color,573,363,131,134
740,459,00934.jpg,1152,1536,2,Anthrax,239,413,622,562
741,459,00934.jpg,1152,1536,2,Anthrax,368,153,143,155
742,460,00936.jpg,1280,720,1,Bad color,792,248,145,240
743,461,00937.jpg,1280,720,2,Anthrax,543,114,76,56
744,462,00939.jpg,1088,816,2,Anthrax,298,223,281,91
745,463,00941.jpg,1280,720,1,Bad color,522,275,119,110
746,464,00943.jpg,1280,720,2,Anthrax,886,573,43,34
747,465,00945.jpg,1344,1008,2,Anthrax,396,347,35,36
748,465,00945.jpg,1344,1008,1,Bad color,1000,277,299,541
749,466,00947.jpg,1280,720,1,Bad color,553,330,166,151
750,467,00948.jpg,1280,720,1,Bad color,429,89,262,375
751,468,00949.jpg,1280,720,2,Anthrax,367,492,52,31
752,469,00950.jpg,1280,720,2,Anthrax,466,495,41,26
753,469,00950.jpg,1280,720,2,Anthrax,438,459,39,26
754,469,00950.jpg,1280,720,2,Anthrax,539,635,27,23
755,470,00951.jpg,1280,720,2,Anthrax,389,196,89,152
756,471,00955.jpg,1280,720,1,Bad color,178,372,189,223
757,472,00956.jpg,1280,720,1,Bad color,492,274,263,274
758,473,00959.jpg,1280,720,1,Bad color,180,306,319,165
759,474,00962.jpg,1280,720,2,Anthrax,402,188,65,41
760,475,00963.jpg,1280,720,2,Anthrax,378,326,145,106
761,475,00963.jpg,1280,720,2,Anthrax,593,325,96,105
762,476,00965.jpg,1280,720,4,Machine damage,572,456,126,166
763,477,00967.jpg,1536,1152,2,Anthrax,597,399,64,38
764,477,00967.jpg,1536,1152,2,Anthrax,979,156,66,39
765,477,00967.jpg,1536,1152,2,Anthrax,906,114,94,45
766,477,00967.jpg,1536,1152,2,Anthrax,807,135,88,36
767,477,00967.jpg,1536,1152,5,Black spot,770,492,46,45
768,477,00967.jpg,1536,1152,5,Black spot,925,502,48,55
769,477,00967.jpg,1536,1152,5,Black spot,871,383,46,34
770,477,00967.jpg,1536,1152,5,Black spot,631,306,57,37
771,478,00970.jpg,1344,1008,2,Anthrax,1098,720,106,109
772,478,00970.jpg,1344,1008,2,Anthrax,412,523,104,81
773,478,00970.jpg,1344,1008,2,Anthrax,286,311,78,99
774,478,00970.jpg,1344,1008,2,Anthrax,464,249,418,238
775,478,00970.jpg,1344,1008,2,Anthrax,712,687,244,195
776,478,00970.jpg,1344,1008,1,Bad color,174,87,1085,872
777,479,00971.jpg,1280,720,1,Bad color,547,203,310,294
778,480,00973.jpg,1088,816,2,Anthrax,220,290,41,55
779,481,00976.jpg,1280,720,1,Bad color,401,240,184,110
780,482,00977.jpg,1280,720,2,Anthrax,551,213,186,275
781,483,00978.jpg,1280,720,1,Bad color,366,345,140,176
782,484,00979.jpg,1280,720,1,Bad color,578,291,88,240
783,485,00981.jpg,1280,720,2,Anthrax,580,363,55,39
784,486,00982.jpg,1280,720,1,Bad color,29,65,685,568
785,487,00983.jpg,1280,720,1,Bad color,520,303,265,162
786,488,00986.jpg,1280,720,2,Anthrax,699,375,55,27
787,488,00986.jpg,1280,720,2,Anthrax,607,341,84,34
788,489,00987.jpg,1280,720,2,Anthrax,591,231,35,30
789,490,00989.jpg,1280,720,2,Anthrax,442,60,115,181
790,490,00989.jpg,1280,720,2,Anthrax,127,186,121,123
791,490,00989.jpg,1280,720,2,Anthrax,55,454,193,131
792,491,00994.jpg,1088,816,3,Absorption,452,471,163,117
793,492,00995.jpg,1280,720,1,Bad color,453,66,230,72
794,493,00996.jpg,1152,1536,2,Anthrax,387,308,114,137
795,493,00996.jpg,1152,1536,2,Anthrax,741,249,42,40
796,493,00996.jpg,1152,1536,2,Anthrax,261,480,407,679
797,493,00996.jpg,1152,1536,2,Anthrax,732,989,73,80
798,493,00996.jpg,1152,1536,2,Anthrax,732,562,35,55
799,493,00996.jpg,1152,1536,2,Anthrax,824,556,43,49
800,494,00999.jpg,1280,720,1,Bad color,528,334,181,233
801,495,01000.jpg,1280,720,1,Bad color,478,97,201,142
802,496,01001.jpg,1152,1536,2,Anthrax,623,545,128,244
803,496,01001.jpg,1152,1536,3,Absorption,860,577,47,126
804,497,01003.jpg,1280,720,2,Anthrax,601,383,208,256
805,498,01009.jpg,1280,720,2,Anthrax,279,188,60,46
806,499,01010.jpg,1280,720,1,Bad color,465,326,217,228
